
-- Step 1: Insert dummy auth users
INSERT INTO auth.users (id, instance_id, email, encrypted_password, email_confirmed_at, created_at, updated_at, raw_user_meta_data, role, aud)
VALUES
('b1000000-0000-0000-0000-000000000001'::uuid, '00000000-0000-0000-0000-000000000000'::uuid, 'arjun.mehta@novapay.in', crypt('dummypass123', gen_salt('bf')), now(), now(), now(), '{"full_name":"Arjun Mehta"}'::jsonb, 'authenticated', 'authenticated'),
('b1000000-0000-0000-0000-000000000002'::uuid, '00000000-0000-0000-0000-000000000000'::uuid, 'priya.sharma@eduspark.io', crypt('dummypass123', gen_salt('bf')), now(), now(), now(), '{"full_name":"Priya Sharma"}'::jsonb, 'authenticated', 'authenticated'),
('b1000000-0000-0000-0000-000000000003'::uuid, '00000000-0000-0000-0000-000000000000'::uuid, 'rahul.verma@greenchain.co', crypt('dummypass123', gen_salt('bf')), now(), now(), now(), '{"full_name":"Rahul Verma"}'::jsonb, 'authenticated', 'authenticated'),
('b1000000-0000-0000-0000-000000000004'::uuid, '00000000-0000-0000-0000-000000000000'::uuid, 'sneha.patel@mediai.health', crypt('dummypass123', gen_salt('bf')), now(), now(), now(), '{"full_name":"Sneha Patel"}'::jsonb, 'authenticated', 'authenticated'),
('b1000000-0000-0000-0000-000000000005'::uuid, '00000000-0000-0000-0000-000000000000'::uuid, 'vikram.singh@agrisense.farm', crypt('dummypass123', gen_salt('bf')), now(), now(), now(), '{"full_name":"Vikram Singh"}'::jsonb, 'authenticated', 'authenticated'),
('b1000000-0000-0000-0000-000000000006'::uuid, '00000000-0000-0000-0000-000000000000'::uuid, 'ananya.roy@styleloop.in', crypt('dummypass123', gen_salt('bf')), now(), now(), now(), '{"full_name":"Ananya Roy"}'::jsonb, 'authenticated', 'authenticated'),
('b1000000-0000-0000-0000-000000000007'::uuid, '00000000-0000-0000-0000-000000000000'::uuid, 'karan.gupta@logizen.ai', crypt('dummypass123', gen_salt('bf')), now(), now(), now(), '{"full_name":"Karan Gupta"}'::jsonb, 'authenticated', 'authenticated'),
('b1000000-0000-0000-0000-000000000008'::uuid, '00000000-0000-0000-0000-000000000000'::uuid, 'meera.nair@mindbridge.care', crypt('dummypass123', gen_salt('bf')), now(), now(), now(), '{"full_name":"Meera Nair"}'::jsonb, 'authenticated', 'authenticated'),
('b1000000-0000-0000-0000-000000000009'::uuid, '00000000-0000-0000-0000-000000000000'::uuid, 'saurabh.jain@cryptokart.io', crypt('dummypass123', gen_salt('bf')), now(), now(), now(), '{"full_name":"Saurabh Jain"}'::jsonb, 'authenticated', 'authenticated'),
('b1000000-0000-0000-0000-000000000010'::uuid, '00000000-0000-0000-0000-000000000000'::uuid, 'divya.krishnan@talentflow.ai', crypt('dummypass123', gen_salt('bf')), now(), now(), now(), '{"full_name":"Divya Krishnan"}'::jsonb, 'authenticated', 'authenticated'),
('b1000000-0000-0000-0000-000000000011'::uuid, '00000000-0000-0000-0000-000000000000'::uuid, 'rohan.kapoor@spaceapps.in', crypt('dummypass123', gen_salt('bf')), now(), now(), now(), '{"full_name":"Rohan Kapoor"}'::jsonb, 'authenticated', 'authenticated'),
('b1000000-0000-0000-0000-000000000012'::uuid, '00000000-0000-0000-0000-000000000000'::uuid, 'nidhi.agarwal@foodweb.co', crypt('dummypass123', gen_salt('bf')), now(), now(), now(), '{"full_name":"Nidhi Agarwal"}'::jsonb, 'authenticated', 'authenticated'),
('b1000000-0000-0000-0000-000000000013'::uuid, '00000000-0000-0000-0000-000000000000'::uuid, 'aditya.kumar@buildstack.dev', crypt('dummypass123', gen_salt('bf')), now(), now(), now(), '{"full_name":"Aditya Kumar"}'::jsonb, 'authenticated', 'authenticated'),
('b1000000-0000-0000-0000-000000000014'::uuid, '00000000-0000-0000-0000-000000000000'::uuid, 'pooja.reddy@carenest.in', crypt('dummypass123', gen_salt('bf')), now(), now(), now(), '{"full_name":"Pooja Reddy"}'::jsonb, 'authenticated', 'authenticated'),
('b1000000-0000-0000-0000-000000000015'::uuid, '00000000-0000-0000-0000-000000000000'::uuid, 'ishaan.bose@evlink.io', crypt('dummypass123', gen_salt('bf')), now(), now(), now(), '{"full_name":"Ishaan Bose"}'::jsonb, 'authenticated', 'authenticated')
ON CONFLICT (id) DO NOTHING;

-- Step 2: Update profiles (auto-created by trigger) with rich data
UPDATE public.profiles SET full_name = 'Arjun Mehta', startup_name = 'NovaPay', bio = 'Fintech founder building the future of payments in emerging markets. Ex-Razorpay.', avatar_url = 'https://api.dicebear.com/7.x/avataaars/svg?seed=Arjun' WHERE user_id = 'b1000000-0000-0000-0000-000000000001';
UPDATE public.profiles SET full_name = 'Priya Sharma', startup_name = 'EduSpark', bio = 'EdTech entrepreneur passionate about bridging the learning gap in rural India. IIT Delhi alum.', avatar_url = 'https://api.dicebear.com/7.x/avataaars/svg?seed=Priya' WHERE user_id = 'b1000000-0000-0000-0000-000000000002';
UPDATE public.profiles SET full_name = 'Rahul Verma', startup_name = 'GreenChain', bio = 'Building blockchain-based carbon credit marketplace. Stanford MBA.', avatar_url = 'https://api.dicebear.com/7.x/avataaars/svg?seed=Rahul' WHERE user_id = 'b1000000-0000-0000-0000-000000000003';
UPDATE public.profiles SET full_name = 'Sneha Patel', startup_name = 'MediAI', bio = 'AI-powered diagnostics for tier-2 cities. Doctor turned founder. 2M+ patients impacted.', avatar_url = 'https://api.dicebear.com/7.x/avataaars/svg?seed=Sneha' WHERE user_id = 'b1000000-0000-0000-0000-000000000004';
UPDATE public.profiles SET full_name = 'Vikram Singh', startup_name = 'AgriSense', bio = 'Precision agriculture using IoT sensors. Helping 10,000+ farmers increase yield by 40%.', avatar_url = 'https://api.dicebear.com/7.x/avataaars/svg?seed=Vikram' WHERE user_id = 'b1000000-0000-0000-0000-000000000005';
UPDATE public.profiles SET full_name = 'Ananya Roy', startup_name = 'StyleLoop', bio = 'Circular fashion marketplace for sustainable clothing exchange. Forbes 30 Under 30.', avatar_url = 'https://api.dicebear.com/7.x/avataaars/svg?seed=Ananya' WHERE user_id = 'b1000000-0000-0000-0000-000000000006';
UPDATE public.profiles SET full_name = 'Karan Gupta', startup_name = 'LogiZen', bio = 'Last-mile delivery optimization using AI routing. Raised $2M seed from Accel.', avatar_url = 'https://api.dicebear.com/7.x/avataaars/svg?seed=Karan' WHERE user_id = 'b1000000-0000-0000-0000-000000000007';
UPDATE public.profiles SET full_name = 'Meera Nair', startup_name = 'MindBridge', bio = 'Mental health platform connecting users with therapists in vernacular languages.', avatar_url = 'https://api.dicebear.com/7.x/avataaars/svg?seed=Meera' WHERE user_id = 'b1000000-0000-0000-0000-000000000008';
UPDATE public.profiles SET full_name = 'Saurabh Jain', startup_name = 'CryptoKart', bio = 'Simplifying crypto investments for first-time investors. 50K+ active users.', avatar_url = 'https://api.dicebear.com/7.x/avataaars/svg?seed=Saurabh' WHERE user_id = 'b1000000-0000-0000-0000-000000000009';
UPDATE public.profiles SET full_name = 'Divya Krishnan', startup_name = 'TalentFlow', bio = 'AI-based hiring platform reducing bias in recruitment. Ex-Google, Ex-LinkedIn.', avatar_url = 'https://api.dicebear.com/7.x/avataaars/svg?seed=Divya' WHERE user_id = 'b1000000-0000-0000-0000-000000000010';
UPDATE public.profiles SET full_name = 'Rohan Kapoor', startup_name = 'SpaceApps', bio = 'Drone-based infrastructure inspection using computer vision. ISRO alumni.', avatar_url = 'https://api.dicebear.com/7.x/avataaars/svg?seed=Rohan' WHERE user_id = 'b1000000-0000-0000-0000-000000000011';
UPDATE public.profiles SET full_name = 'Nidhi Agarwal', startup_name = 'FoodWeb', bio = 'Zero-waste food supply chain connecting farmers directly to restaurants. $500K ARR.', avatar_url = 'https://api.dicebear.com/7.x/avataaars/svg?seed=Nidhi' WHERE user_id = 'b1000000-0000-0000-0000-000000000012';
UPDATE public.profiles SET full_name = 'Aditya Kumar', startup_name = 'BuildStack', bio = 'No-code platform for building enterprise apps. Serving 200+ companies.', avatar_url = 'https://api.dicebear.com/7.x/avataaars/svg?seed=Aditya' WHERE user_id = 'b1000000-0000-0000-0000-000000000013';
UPDATE public.profiles SET full_name = 'Pooja Reddy', startup_name = 'CareNest', bio = 'Elder care marketplace matching caregivers with families. NEN winner 2024.', avatar_url = 'https://api.dicebear.com/7.x/avataaars/svg?seed=Pooja' WHERE user_id = 'b1000000-0000-0000-0000-000000000014';
UPDATE public.profiles SET full_name = 'Ishaan Bose', startup_name = 'EV-Link', bio = 'EV charging network aggregator for apartment complexes. Backed by Ola Electric.', avatar_url = 'https://api.dicebear.com/7.x/avataaars/svg?seed=Ishaan' WHERE user_id = 'b1000000-0000-0000-0000-000000000015';

-- Step 3: Insert pitches
INSERT INTO public.pitches (id, user_id, title, description, tags, likes_count, comments_count, trending, created_at) VALUES
('c1000000-0000-0000-0000-000000000001'::uuid, 'b1000000-0000-0000-0000-000000000001'::uuid, 'NovaPay: UPI for the Unbanked', 'We are building a payment infrastructure that works without smartphones using USSD technology. Target: 300M unbanked Indians. Already processing Rs10Cr/month in pilot.', ARRAY['fintech','payments','inclusion'], 142, 18, true, now() - interval '25 days'),
('c1000000-0000-0000-0000-000000000002'::uuid, 'b1000000-0000-0000-0000-000000000002'::uuid, 'EduSpark: Vernacular AI Tutor', 'An AI tutor that teaches in 12 Indian languages using voice. We gamify learning for kids in grades 3-8. 15K DAU, 4.8 rating on Play Store.', ARRAY['edtech','AI','vernacular'], 98, 22, true, now() - interval '22 days'),
('c1000000-0000-0000-0000-000000000003'::uuid, 'b1000000-0000-0000-0000-000000000003'::uuid, 'GreenChain: Tokenizing Carbon Credits', 'We make it easy for Indian SMEs to sell carbon credits via a blockchain marketplace. Already onboarded 120 companies, Rs2Cr in transactions.', ARRAY['climate','blockchain','sustainability'], 76, 14, false, now() - interval '20 days'),
('c1000000-0000-0000-0000-000000000004'::uuid, 'b1000000-0000-0000-0000-000000000004'::uuid, 'MediAI: X-Ray Diagnostics via WhatsApp', 'Doctors in tier-2 and tier-3 cities send X-rays on WhatsApp and get AI-based analysis in 30 seconds. FDA approval in progress. 2M+ scans processed.', ARRAY['healthtech','AI','diagnostics'], 215, 31, true, now() - interval '18 days'),
('c1000000-0000-0000-0000-000000000005'::uuid, 'b1000000-0000-0000-0000-000000000005'::uuid, 'AgriSense: IoT for Small Farmers', 'Solar-powered soil sensors at Rs499 that tell farmers exactly when and how much to water. Yield improvement of 40% validated across 500 farms.', ARRAY['agritech','IoT','sustainability'], 89, 16, false, now() - interval '16 days'),
('c1000000-0000-0000-0000-000000000006'::uuid, 'b1000000-0000-0000-0000-000000000006'::uuid, 'StyleLoop: Rent, Swap, Repeat', 'India first circular fashion app. 80K users renting and swapping clothes. Saved 2M liters of water. Growing 25% MoM.', ARRAY['fashion','sustainability','marketplace'], 134, 27, true, now() - interval '14 days'),
('c1000000-0000-0000-0000-000000000007'::uuid, 'b1000000-0000-0000-0000-000000000007'::uuid, 'LogiZen: AI Routes for Kirana Deliveries', 'Our AI cuts delivery costs by 35% for D2C brands and kirana networks. Processing 50K deliveries/day. Raised $2M from Accel.', ARRAY['logistics','AI','D2C'], 167, 23, true, now() - interval '12 days'),
('c1000000-0000-0000-0000-000000000008'::uuid, 'b1000000-0000-0000-0000-000000000008'::uuid, 'MindBridge: Mental Health in Your Language', 'Connect with certified therapists in Hindi, Tamil, Bengali and 9 more languages. Subscription at Rs299/month. 8K active subscribers.', ARRAY['mentalhealth','vernacular','wellness'], 201, 35, true, now() - interval '10 days'),
('c1000000-0000-0000-0000-000000000009'::uuid, 'b1000000-0000-0000-0000-000000000009'::uuid, 'CryptoKart: SIP for Crypto', 'We let first-time investors do SIPs in crypto starting Rs100/week. Simple UI, no jargon. 50K users, Rs15Cr AUM.', ARRAY['fintech','crypto','investing'], 112, 19, false, now() - interval '9 days'),
('c1000000-0000-0000-0000-000000000010'::uuid, 'b1000000-0000-0000-0000-000000000010'::uuid, 'TalentFlow: Blind Hiring with AI', 'Remove bias from hiring by anonymising resumes. AI matches on skills only. 200+ companies, 30% improvement in diversity metrics.', ARRAY['HR','AI','DEI'], 88, 12, false, now() - interval '8 days'),
('c1000000-0000-0000-0000-000000000011'::uuid, 'b1000000-0000-0000-0000-000000000011'::uuid, 'SpaceApps: Drone Inspections for Bridges', 'Our drones + CV pipeline cuts infrastructure inspection costs by 60% and is 5x safer. Won NITI Aayog pitch competition 2024.', ARRAY['deeptech','drones','infrastructure'], 145, 21, true, now() - interval '7 days'),
('c1000000-0000-0000-0000-000000000012'::uuid, 'b1000000-0000-0000-0000-000000000012'::uuid, 'FoodWeb: Farm-to-Table Supply Chain', 'We eliminate middlemen so farmers earn 2x and restaurants pay 20% less. Serving 500+ restaurants in Bangalore. $500K ARR.', ARRAY['foodtech','supplychain','agritech'], 93, 17, false, now() - interval '6 days'),
('c1000000-0000-0000-0000-000000000013'::uuid, 'b1000000-0000-0000-0000-000000000013'::uuid, 'BuildStack: No-Code for Enterprise', 'Enterprises build internal apps 10x faster with our drag-and-drop builder. SOC 2 certified. 200 companies, $1.2M ARR.', ARRAY['nocode','SaaS','enterprise'], 119, 24, false, now() - interval '5 days'),
('c1000000-0000-0000-0000-000000000014'::uuid, 'b1000000-0000-0000-0000-000000000014'::uuid, 'CareNest: Trusted Elder Care at Home', 'Marketplace for verified caregivers for seniors. Background checked, trained, insured. 5K families served, 4.9 NPS.', ARRAY['eldercare','marketplace','healthtech'], 176, 29, true, now() - interval '3 days'),
('c1000000-0000-0000-0000-000000000015'::uuid, 'b1000000-0000-0000-0000-000000000015'::uuid, 'EV-Link: Charge Your Car at Home', 'We install and manage EV chargers in apartment complexes. Revenue share model, zero capex for RWAs. 120 societies, 3K charging sessions/day.', ARRAY['EVtech','sustainability','infrastructure'], 203, 33, true, now() - interval '1 day')
ON CONFLICT (id) DO NOTHING;

-- Step 4: Insert pitch_likes
INSERT INTO public.pitch_likes (id, pitch_id, user_id, created_at) VALUES
('d1000000-0000-0000-0000-000000000001'::uuid, 'c1000000-0000-0000-0000-000000000001'::uuid, 'b1000000-0000-0000-0000-000000000002'::uuid, now() - interval '20 days'),
('d1000000-0000-0000-0000-000000000002'::uuid, 'c1000000-0000-0000-0000-000000000001'::uuid, 'b1000000-0000-0000-0000-000000000003'::uuid, now() - interval '19 days'),
('d1000000-0000-0000-0000-000000000003'::uuid, 'c1000000-0000-0000-0000-000000000002'::uuid, 'b1000000-0000-0000-0000-000000000001'::uuid, now() - interval '18 days'),
('d1000000-0000-0000-0000-000000000004'::uuid, 'c1000000-0000-0000-0000-000000000003'::uuid, 'b1000000-0000-0000-0000-000000000004'::uuid, now() - interval '17 days'),
('d1000000-0000-0000-0000-000000000005'::uuid, 'c1000000-0000-0000-0000-000000000004'::uuid, 'b1000000-0000-0000-0000-000000000005'::uuid, now() - interval '15 days'),
('d1000000-0000-0000-0000-000000000006'::uuid, 'c1000000-0000-0000-0000-000000000004'::uuid, 'b1000000-0000-0000-0000-000000000006'::uuid, now() - interval '14 days'),
('d1000000-0000-0000-0000-000000000007'::uuid, 'c1000000-0000-0000-0000-000000000005'::uuid, 'b1000000-0000-0000-0000-000000000007'::uuid, now() - interval '13 days'),
('d1000000-0000-0000-0000-000000000008'::uuid, 'c1000000-0000-0000-0000-000000000006'::uuid, 'b1000000-0000-0000-0000-000000000008'::uuid, now() - interval '12 days'),
('d1000000-0000-0000-0000-000000000009'::uuid, 'c1000000-0000-0000-0000-000000000007'::uuid, 'b1000000-0000-0000-0000-000000000009'::uuid, now() - interval '10 days'),
('d1000000-0000-0000-0000-000000000010'::uuid, 'c1000000-0000-0000-0000-000000000008'::uuid, 'b1000000-0000-0000-0000-000000000010'::uuid, now() - interval '8 days'),
('d1000000-0000-0000-0000-000000000011'::uuid, 'c1000000-0000-0000-0000-000000000008'::uuid, 'b1000000-0000-0000-0000-000000000011'::uuid, now() - interval '7 days'),
('d1000000-0000-0000-0000-000000000012'::uuid, 'c1000000-0000-0000-0000-000000000009'::uuid, 'b1000000-0000-0000-0000-000000000012'::uuid, now() - interval '6 days'),
('d1000000-0000-0000-0000-000000000013'::uuid, 'c1000000-0000-0000-0000-000000000010'::uuid, 'b1000000-0000-0000-0000-000000000013'::uuid, now() - interval '5 days'),
('d1000000-0000-0000-0000-000000000014'::uuid, 'c1000000-0000-0000-0000-000000000014'::uuid, 'b1000000-0000-0000-0000-000000000001'::uuid, now() - interval '2 days'),
('d1000000-0000-0000-0000-000000000015'::uuid, 'c1000000-0000-0000-0000-000000000015'::uuid, 'b1000000-0000-0000-0000-000000000002'::uuid, now() - interval '1 day')
ON CONFLICT (id) DO NOTHING;

-- Step 5: Insert comments
INSERT INTO public.comments (id, pitch_id, user_id, content, created_at) VALUES
('e1000000-0000-0000-0000-000000000001'::uuid, 'c1000000-0000-0000-0000-000000000001'::uuid, 'b1000000-0000-0000-0000-000000000002'::uuid, 'Love this! USSD-based payments solve a real problem. How are you handling security at scale?', now() - interval '20 days'),
('e1000000-0000-0000-0000-000000000002'::uuid, 'c1000000-0000-0000-0000-000000000001'::uuid, 'b1000000-0000-0000-0000-000000000003'::uuid, 'Incredible traction for a payments startup. Have you spoken to RBI for regulatory sandbox?', now() - interval '19 days'),
('e1000000-0000-0000-0000-000000000003'::uuid, 'c1000000-0000-0000-0000-000000000002'::uuid, 'b1000000-0000-0000-0000-000000000004'::uuid, 'The vernacular angle is exactly what India needs. Are you open to partnering with state govts?', now() - interval '18 days'),
('e1000000-0000-0000-0000-000000000004'::uuid, 'c1000000-0000-0000-0000-000000000003'::uuid, 'b1000000-0000-0000-0000-000000000005'::uuid, 'Carbon credits are complex. How are you ensuring quality and avoiding greenwashing?', now() - interval '17 days'),
('e1000000-0000-0000-0000-000000000005'::uuid, 'c1000000-0000-0000-0000-000000000004'::uuid, 'b1000000-0000-0000-0000-000000000006'::uuid, 'This is exactly what rural doctors need. What is the false positive rate on your AI?', now() - interval '16 days'),
('e1000000-0000-0000-0000-000000000006'::uuid, 'c1000000-0000-0000-0000-000000000004'::uuid, 'b1000000-0000-0000-0000-000000000007'::uuid, 'Incredible use case. WhatsApp integration is genius - meets users where they are.', now() - interval '15 days'),
('e1000000-0000-0000-0000-000000000007'::uuid, 'c1000000-0000-0000-0000-000000000005'::uuid, 'b1000000-0000-0000-0000-000000000008'::uuid, 'Rs499 sensor is a game changer. What is your distribution strategy beyond pilot villages?', now() - interval '14 days'),
('e1000000-0000-0000-0000-000000000008'::uuid, 'c1000000-0000-0000-0000-000000000006'::uuid, 'b1000000-0000-0000-0000-000000000009'::uuid, 'Circular fashion is the future. How do you handle hygiene concerns from users?', now() - interval '12 days'),
('e1000000-0000-0000-0000-000000000009'::uuid, 'c1000000-0000-0000-0000-000000000007'::uuid, 'b1000000-0000-0000-0000-000000000010'::uuid, 'Logistics AI is crowded. What is your defensible moat against Shadowfax and Dunzo?', now() - interval '10 days'),
('e1000000-0000-0000-0000-000000000010'::uuid, 'c1000000-0000-0000-0000-000000000008'::uuid, 'b1000000-0000-0000-0000-000000000011'::uuid, 'Mental health access in Indian languages is so underrated. Brilliant mission.', now() - interval '8 days'),
('e1000000-0000-0000-0000-000000000011'::uuid, 'c1000000-0000-0000-0000-000000000009'::uuid, 'b1000000-0000-0000-0000-000000000012'::uuid, 'SIPs for crypto is a smart product. How are you navigating SEBI regulations?', now() - interval '7 days'),
('e1000000-0000-0000-0000-000000000012'::uuid, 'c1000000-0000-0000-0000-000000000011'::uuid, 'b1000000-0000-0000-0000-000000000013'::uuid, 'Drone inspection is huge for smart cities. Are you working with PWD or NHAI?', now() - interval '5 days'),
('e1000000-0000-0000-0000-000000000013'::uuid, 'c1000000-0000-0000-0000-000000000013'::uuid, 'b1000000-0000-0000-0000-000000000014'::uuid, 'No-code for enterprise is a massive market. How do you handle complex workflows?', now() - interval '3 days'),
('e1000000-0000-0000-0000-000000000014'::uuid, 'c1000000-0000-0000-0000-000000000014'::uuid, 'b1000000-0000-0000-0000-000000000015'::uuid, 'Elder care is so needed in India. How do you vet and train your caregivers?', now() - interval '2 days'),
('e1000000-0000-0000-0000-000000000015'::uuid, 'c1000000-0000-0000-0000-000000000015'::uuid, 'b1000000-0000-0000-0000-000000000001'::uuid, 'EV charging infra is the missing link. Love the zero-capex model for RWAs!', now() - interval '1 day')
ON CONFLICT (id) DO NOTHING;

-- Step 6: Insert direct messages
INSERT INTO public.direct_messages (id, sender_id, receiver_id, content, read, created_at) VALUES
('f1000000-0000-0000-0000-000000000001'::uuid, 'b1000000-0000-0000-0000-000000000002'::uuid, 'b1000000-0000-0000-0000-000000000001'::uuid, 'Hey Arjun! Loved your NovaPay pitch. Would love to explore how EduSpark can integrate payments.', true, now() - interval '15 days'),
('f1000000-0000-0000-0000-000000000002'::uuid, 'b1000000-0000-0000-0000-000000000001'::uuid, 'b1000000-0000-0000-0000-000000000002'::uuid, 'Thanks Priya! That is a great idea. Let us set up a call this week?', true, now() - interval '15 days'),
('f1000000-0000-0000-0000-000000000003'::uuid, 'b1000000-0000-0000-0000-000000000002'::uuid, 'b1000000-0000-0000-0000-000000000001'::uuid, 'Sure! How about Thursday 3pm?', true, now() - interval '14 days'),
('f1000000-0000-0000-0000-000000000004'::uuid, 'b1000000-0000-0000-0000-000000000004'::uuid, 'b1000000-0000-0000-0000-000000000007'::uuid, 'Karan, our diagnostics AI could improve with better logistics for sample collection. Can we talk?', true, now() - interval '10 days'),
('f1000000-0000-0000-0000-000000000005'::uuid, 'b1000000-0000-0000-0000-000000000007'::uuid, 'b1000000-0000-0000-0000-000000000004'::uuid, 'Sneha, absolutely! Medical logistics is a great vertical for us. Let us explore.', true, now() - interval '9 days'),
('f1000000-0000-0000-0000-000000000006'::uuid, 'b1000000-0000-0000-0000-000000000003'::uuid, 'b1000000-0000-0000-0000-000000000005'::uuid, 'Vikram, farms using AgriSense could be prime candidates for our carbon credit marketplace!', false, now() - interval '7 days'),
('f1000000-0000-0000-0000-000000000007'::uuid, 'b1000000-0000-0000-0000-000000000008'::uuid, 'b1000000-0000-0000-0000-000000000010'::uuid, 'Divya, mental health support at the workplace is huge. Would love to partner with TalentFlow.', false, now() - interval '5 days'),
('f1000000-0000-0000-0000-000000000008'::uuid, 'b1000000-0000-0000-0000-000000000010'::uuid, 'b1000000-0000-0000-0000-000000000008'::uuid, 'Meera, that is brilliant! We are already seeing demand from our HR clients. Let us chat!', false, now() - interval '4 days'),
('f1000000-0000-0000-0000-000000000009'::uuid, 'b1000000-0000-0000-0000-000000000011'::uuid, 'b1000000-0000-0000-0000-000000000015'::uuid, 'Ishaan, drone inspection for EV charging infrastructure - there might be a huge synergy here.', false, now() - interval '3 days'),
('f1000000-0000-0000-0000-000000000010'::uuid, 'b1000000-0000-0000-0000-000000000006'::uuid, 'b1000000-0000-0000-0000-000000000012'::uuid, 'Nidhi, sustainable fashion + sustainable food - we should do a joint campaign!', false, now() - interval '2 days'),
('f1000000-0000-0000-0000-000000000011'::uuid, 'b1000000-0000-0000-0000-000000000013'::uuid, 'b1000000-0000-0000-0000-000000000009'::uuid, 'Saurabh, BuildStack can help CryptoKart build internal ops tools. Want to try for free?', false, now() - interval '1 day'),
('f1000000-0000-0000-0000-000000000012'::uuid, 'b1000000-0000-0000-0000-000000000014'::uuid, 'b1000000-0000-0000-0000-000000000008'::uuid, 'Meera, elder care and mental health are deeply linked. Can MindBridge serve CareNest families?', false, now() - interval '12 hours'),
('f1000000-0000-0000-0000-000000000013'::uuid, 'b1000000-0000-0000-0000-000000000005'::uuid, 'b1000000-0000-0000-0000-000000000003'::uuid, 'Rahul, AgriSense farms generate measurable carbon reduction data. Let us tokenize it!', false, now() - interval '8 hours'),
('f1000000-0000-0000-0000-000000000014'::uuid, 'b1000000-0000-0000-0000-000000000009'::uuid, 'b1000000-0000-0000-0000-000000000001'::uuid, 'Arjun, NovaPay + CryptoKart integration would be incredible. Users could buy crypto via UPI instantly.', false, now() - interval '4 hours'),
('f1000000-0000-0000-0000-000000000015'::uuid, 'b1000000-0000-0000-0000-000000000015'::uuid, 'b1000000-0000-0000-0000-000000000013'::uuid, 'Aditya, can BuildStack help us build an RWA management dashboard for EV-Link?', false, now() - interval '1 hour')
ON CONFLICT (id) DO NOTHING;
